<?xml version="1.0" encoding="UTF-8"?>
<metadata modelVersion="1.1.0">
  <groupId>org.kevoree.modeling</groupId>
  <artifactId>org.kevoree.modeling.emf.scala.gencode.mavenplugin</artifactId>
  <version>1.1.0-SNAPSHOT</version>
  <versioning>
    <snapshot>
      <timestamp>20120403.191315</timestamp>
      <buildNumber>1</buildNumber>
    </snapshot>
    <lastUpdated>20120403191315</lastUpdated>
    <snapshotVersions>
      <snapshotVersion>
        <extension>jar</extension>
        <value>1.1.0-20120403.191315-1</value>
        <updated>20120403191315</updated>
      </snapshotVersion>
      <snapshotVersion>
        <extension>pom</extension>
        <value>1.1.0-20120403.191315-1</value>
        <updated>20120403191315</updated>
      </snapshotVersion>
    </snapshotVersions>
  </versioning>
</metadata>
